player,age,team,position,games_played,fg_made,fg_attempt,fg_percent,three_made,three_attempt,three_percent,ft_made,ft_attempt,ft_percent,rebound,assist,steal,block,turnover,point
Shai Gilgeous-Alexander,26,OKC,PG,76,860,1656,0.519,163,435,0.375,601,669,0.898,379,486,131,77,183,2484
Anthony Edwards,23,MIN,SG,79,721,1612,0.447,320,811,0.395,415,496,0.837,450,359,91,51,249,2177
Nikola Jokić,29,DEN,C,70,786,1364,0.576,138,331,0.417,361,451,0.8,892,716,127,45,230,2071
Giannis Antetokounmpo,30,MIL,PF,67,793,1319,0.601,14,63,0.222,436,707,0.617,798,433,58,78,206,2036
Jayson Tatum,26,BOS,PF,72,662,1465,0.452,250,728,0.343,358,440,0.814,623,431,76,38,209,1932
Devin Booker,28,PHO,SG,75,654,1420,0.461,183,551,0.332,432,483,0.894,305,529,67,16,220,1923
Trae Young,26,ATL,PG,76,566,1376,0.411,218,642,0.34,491,561,0.875,236,880,91,12,355,1841
Tyler Herro,25,MIA,SG,77,651,1378,0.472,251,670,0.375,287,327,0.878,399,424,69,17,198,1840
Cade Cunningham,23,DET,PG,70,684,1457,0.469,149,418,0.356,313,370,0.846,425,638,71,53,309,1830
James Harden,35,LAC,PG,79,531,1295,0.41,235,668,0.352,505,578,0.874,456,687,118,55,341,1802
Karl-Anthony Towns,29,NYK,C,72,639,1215,0.526,142,338,0.42,339,409,0.829,920,222,71,50,192,1759
Zach LaVine,29,2TM,SF,74,625,1223,0.511,239,536,0.446,235,285,0.825,315,310,58,12,208,1724
Zach LaVine,29,CHI,SF,42,363,710,0.511,136,305,0.446,145,182,0.797,202,189,39,10,121,1007
Zach LaVine,29,SAC,SG,32,262,513,0.511,103,231,0.446,90,103,0.874,113,121,19,2,87,717
Jalen Green,22,HOU,SG,82,608,1437,0.423,234,661,0.354,273,336,0.813,377,282,71,27,203,1723
Stephen Curry,36,GSW,PG,70,564,1258,0.448,311,784,0.397,279,299,0.933,310,421,80,30,200,1718
DeMar DeRozan,35,SAC,SF,77,624,1308,0.477,84,256,0.328,378,441,0.857,298,342,62,32,105,1710
LeBron James,40,LAL,SF,70,651,1270,0.513,149,396,0.376,259,331,0.782,546,575,70,39,260,1710
Donovan Mitchell,28,CLE,SG,71,585,1320,0.443,233,633,0.368,298,362,0.823,322,354,95,17,149,1701
Jalen Brunson,28,NYK,PG,65,585,1200,0.488,152,397,0.383,368,448,0.821,187,475,60,8,164,1690
Kevin Durant,36,PHO,PF,62,592,1124,0.527,160,372,0.43,303,361,0.839,374,263,50,77,190,1647
Jaren Jackson Jr.,25,MEM,C,74,592,1213,0.488,146,389,0.375,311,398,0.781,417,148,92,113,153,1641
Pascal Siakam,30,IND,PF,78,613,1182,0.519,126,324,0.389,226,308,0.734,540,263,70,42,109,1578
Darius Garland,25,CLE,PG,75,554,1174,0.472,212,529,0.401,224,255,0.878,214,506,91,11,189,1544
Coby White,24,CHI,SG,74,508,1121,0.453,216,584,0.37,277,307,0.902,273,330,69,16,177,1509
Jalen Williams,23,OKC,SG,69,565,1168,0.484,124,340,0.365,236,299,0.789,369,354,111,46,150,1490
Austin Reaves,26,LAL,SG,73,477,1037,0.46,200,531,0.377,321,366,0.877,329,421,81,22,177,1475
De'Aaron Fox,27,2TM,PG,62,539,1163,0.463,118,381,0.31,263,318,0.827,298,392,91,25,174,1459
De'Aaron Fox,27,SAC,PG,45,414,883,0.469,92,286,0.322,204,246,0.829,225,276,66,20,133,1124
De'Aaron Fox,27,SAS,PG,17,125,280,0.446,26,95,0.274,59,72,0.819,73,116,25,5,41,335
Alperen Şengün,22,HOU,C,76,567,1143,0.496,21,90,0.233,296,428,0.692,786,372,84,61,194,1451
Franz Wagner,23,ORL,SF,60,537,1161,0.463,104,352,0.295,271,311,0.871,342,284,75,21,138,1449
Damian Lillard,34,MIL,PG,58,444,992,0.448,197,524,0.376,362,393,0.921,272,410,70,10,162,1447
Mikal Bridges,28,NYK,SF,82,592,1183,0.5,164,463,0.354,96,118,0.814,259,306,75,43,132,1444
Jamal Murray,27,DEN,PG,67,531,1121,0.474,156,397,0.393,218,246,0.886,261,403,91,33,138,1436
Bam Adebayo,27,MIA,C,78,540,1113,0.485,79,221,0.357,251,328,0.765,749,337,98,53,161,1410
Luka Dončić,25,2TM,PG,50,461,1025,0.45,177,481,0.368,309,395,0.782,409,383,89,21,179,1408
Luka Dončić,25,DAL,PG,22,216,466,0.464,75,212,0.354,112,146,0.767,183,172,44,9,75,619
Luka Dončić,25,LAL,PG,28,245,559,0.438,102,269,0.379,197,249,0.791,226,211,45,12,104,789
Jaylen Brown,28,BOS,SF,63,518,1118,0.463,116,358,0.324,246,322,0.764,368,286,73,19,162,1398
Michael Porter Jr.,26,DEN,SF,77,528,1048,0.504,193,489,0.395,149,194,0.768,540,165,50,38,104,1398
Jordan Poole,25,WAS,SG,68,457,1057,0.432,235,622,0.378,242,274,0.883,203,303,86,27,204,1391
Tyrese Maxey,24,PHI,PG,52,477,1091,0.437,161,478,0.337,254,289,0.879,174,317,91,21,124,1369
Tyrese Haliburton,24,IND,PG,73,476,1006,0.473,218,562,0.388,189,222,0.851,258,673,105,49,120,1359
Nikola Vučević,34,CHI,C,73,550,1038,0.53,129,321,0.402,120,149,0.805,735,256,61,52,119,1349
Anfernee Simons,25,POR,SG,70,479,1125,0.426,215,593,0.363,175,194,0.902,189,337,60,5,143,1348
Ivica Zubac,27,LAC,C,80,592,942,0.628,0,0,,156,236,0.661,1010,214,55,90,127,1340
Domantas Sabonis,28,SAC,C,70,527,893,0.59,65,156,0.417,218,289,0.754,972,423,48,26,202,1337
Malik Beasley,28,DET,SG,82,461,1071,0.43,319,766,0.416,95,140,0.679,214,139,73,5,83,1336
Shaedon Sharpe,21,POR,SG,72,499,1104,0.452,147,472,0.311,190,242,0.785,324,198,62,16,150,1335
OG Anunoby,27,NYK,PF,74,489,1027,0.476,171,460,0.372,183,226,0.81,358,164,110,65,102,1332
Desmond Bane,26,MEM,SG,69,493,1018,0.484,164,418,0.392,177,198,0.894,418,369,80,28,169,1327
Evan Mobley,23,CLE,PF,71,505,906,0.557,85,230,0.37,221,305,0.725,659,226,61,113,145,1316
Norman Powell,31,LAC,SG,60,457,945,0.484,179,428,0.418,213,265,0.804,190,125,73,9,108,1306
Miles Bridges,26,CHO,PF,64,469,1089,0.431,141,450,0.313,221,254,0.87,481,248,44,45,136,1300
Julius Randle,30,MIN,PF,69,455,939,0.485,108,314,0.344,270,335,0.806,487,323,47,16,196,1288
Anthony Davis,31,2TM,PF,51,470,910,0.516,35,124,0.282,286,369,0.775,590,181,59,110,113,1261
Anthony Davis,31,LAL,C,42,400,758,0.528,28,94,0.298,253,321,0.788,499,141,54,90,93,1081
Anthony Davis,31,DAL,PF,9,70,152,0.461,7,30,0.233,33,48,0.688,91,40,5,20,20,180
Scottie Barnes,23,TOR,PF,65,474,1063,0.446,76,280,0.271,228,302,0.755,502,378,93,63,185,1252
Derrick White,30,BOS,SG,76,424,959,0.442,265,691,0.384,135,161,0.839,341,361,72,80,131,1248
Kyrie Irving,32,DAL,SG,50,447,945,0.473,144,359,0.401,196,214,0.916,240,231,66,23,111,1234
RJ Barrett,24,TOR,SF,58,460,982,0.468,107,306,0.35,196,311,0.63,366,314,46,17,165,1223
Deni Avdija,24,POR,SF,72,402,844,0.476,125,342,0.365,290,372,0.78,522,281,71,35,196,1219
Christian Braun,23,DEN,SG,79,476,821,0.58,89,224,0.397,177,214,0.827,410,205,85,37,81,1218
Paolo Banchero,22,ORL,PF,46,412,911,0.452,87,272,0.32,280,385,0.727,345,219,36,28,136,1191
Stephon Castle,20,SAS,PG,81,423,988,0.428,95,333,0.285,249,344,0.724,297,332,74,22,177,1190
LaMelo Ball,23,CHO,PG,47,406,1003,0.405,179,528,0.339,193,229,0.843,232,346,54,13,167,1184
CJ McCollum,33,NOP,PG,56,444,1000,0.444,171,459,0.373,124,173,0.717,212,227,46,24,106,1183
Ja Morant,25,MEM,PG,50,404,889,0.454,88,285,0.309,263,319,0.824,205,364,61,12,185,1159
Collin Sexton,26,UTA,SG,63,416,867,0.48,110,271,0.406,217,251,0.865,171,264,47,6,160,1159
Bennedict Mathurin,22,IND,SF,72,391,853,0.458,98,288,0.34,276,332,0.831,383,136,47,24,135,1156
Payton Pritchard,27,BOS,PG,80,409,866,0.472,255,626,0.407,71,84,0.845,307,279,70,14,83,1144
Naz Reid,25,MIN,C,80,426,923,0.462,175,462,0.379,111,143,0.776,480,181,58,72,108,1138
Keyonte George,21,UTA,PG,67,359,919,0.391,174,507,0.343,233,285,0.818,253,377,46,9,183,1125
Trey Murphy III,24,NOP,SF,53,381,839,0.454,158,438,0.361,204,230,0.887,268,188,56,39,103,1124
Myles Turner,28,IND,C,72,390,811,0.481,156,394,0.396,184,238,0.773,471,111,54,144,123,1120
Malik Monk,26,SAC,SG,65,412,939,0.439,139,428,0.325,154,178,0.865,245,362,61,38,159,1117
Victor Wembanyama,21,SAS,C,46,408,857,0.476,142,403,0.352,158,189,0.836,506,168,52,176,149,1116
Jarrett Allen,26,CLE,C,82,452,640,0.706,0,5,0,199,277,0.718,798,158,77,73,97,1103
Quentin Grimes,24,2TM,SG,75,384,823,0.467,162,421,0.385,162,214,0.757,324,228,74,22,141,1092
Quentin Grimes,24,DAL,SG,47,169,365,0.463,80,201,0.398,62,81,0.765,179,101,32,10,61,480
Quentin Grimes,24,PHI,SG,28,215,458,0.469,82,220,0.373,100,133,0.752,145,127,42,12,80,612
De'Andre Hunter,27,2TM,SF,64,358,762,0.47,157,388,0.405,215,254,0.846,258,92,50,13,82,1088
De'Andre Hunter,27,ATL,SF,37,227,492,0.461,97,247,0.393,151,176,0.858,145,57,31,5,59,702
De'Andre Hunter,27,CLE,SF,27,131,270,0.485,60,141,0.426,64,78,0.821,113,35,19,8,23,386
Andrew Wiggins,29,2TM,SF,60,376,839,0.448,130,348,0.374,196,257,0.763,269,158,60,50,99,1078
Andrew Wiggins,29,GSW,SF,43,261,588,0.444,94,248,0.379,139,179,0.777,197,102,40,33,56,755
Andrew Wiggins,29,MIA,SF,17,115,251,0.458,36,100,0.36,57,78,0.731,72,56,20,17,43,323
Dyson Daniels,21,ATL,SG,76,455,923,0.493,80,235,0.34,83,140,0.593,449,333,229,55,155,1073
Cameron Johnson,28,BRK,PF,57,355,747,0.475,159,408,0.39,201,225,0.893,247,194,53,25,99,1070
Dillon Brooks,29,HOU,SF,75,384,895,0.429,186,469,0.397,99,121,0.818,275,128,60,16,76,1053
Josh Hart,29,NYK,SG,77,404,770,0.525,84,252,0.333,159,205,0.776,737,453,119,27,158,1051
Brook Lopez,36,MIL,C,80,394,774,0.509,139,373,0.373,114,138,0.826,401,143,50,148,84,1041
Devin Vassell,24,SAS,SG,64,394,889,0.443,158,429,0.368,95,120,0.792,255,183,84,33,88,1041
Josh Giddey,22,CHI,PG,70,371,798,0.465,105,278,0.378,175,224,0.781,566,503,84,45,202,1022
Harrison Barnes,32,SAS,PF,82,347,683,0.508,156,360,0.433,161,199,0.809,310,136,39,14,50,1011
Klay Thompson,34,DAL,SF,72,361,877,0.412,216,553,0.391,67,74,0.905,246,145,50,30,88,1005
Tobias Harris,32,DET,PF,73,384,805,0.477,91,264,0.345,143,166,0.861,432,162,74,57,85,1002
Jaden McDaniels,24,MIN,PF,82,398,834,0.477,100,303,0.33,104,128,0.813,470,163,110,74,95,1000
Russell Westbrook,36,DEN,PG,75,373,831,0.449,94,291,0.323,154,233,0.661,370,457,106,37,242,994
Onyeka Okongwu,24,ATL,C,74,388,684,0.567,48,148,0.324,164,216,0.759,660,168,69,68,90,988
Dennis Schröder,31,3TM,PG,75,336,827,0.406,127,371,0.342,181,216,0.838,198,404,66,12,142,980
Dennis Schröder,31,BRK,PG,23,147,325,0.452,58,150,0.387,72,81,0.889,68,152,26,4,59,424
Dennis Schröder,31,GSW,SG,24,94,251,0.375,37,115,0.322,29,39,0.744,56,105,25,3,48,254
Dennis Schröder,31,DET,PG,28,95,251,0.378,32,106,0.302,80,96,0.833,74,147,15,5,35,302
Keldon Johnson,25,SAS,SF,77,371,770,0.482,87,274,0.318,150,194,0.773,371,125,49,22,77,979
Amen Thompson,22,HOU,SF,69,388,697,0.557,25,91,0.275,169,247,0.684,564,265,97,89,138,970
Jimmy Butler,35,2TM,SF,55,301,597,0.504,32,104,0.308,330,392,0.842,296,298,77,18,74,964
Jimmy Butler,35,MIA,PF,25,142,263,0.54,13,36,0.361,129,161,0.801,131,120,27,10,30,426
Jimmy Butler,35,GSW,SF,30,159,334,0.476,19,68,0.279,201,231,0.87,165,178,50,8,44,538
Kyle Kuzma,29,2TM,PF,65,370,848,0.436,96,313,0.307,128,202,0.634,370,152,36,19,146,964
Kyle Kuzma,29,WAS,PF,32,191,455,0.42,45,160,0.281,59,98,0.602,185,79,20,7,73,486
Kyle Kuzma,29,MIL,PF,33,179,393,0.455,51,153,0.333,69,104,0.663,185,73,16,12,73,478
Keegan Murray,24,SAC,PF,76,364,820,0.444,154,449,0.343,60,72,0.833,507,109,61,69,60,942
Zaccharie Risacher,19,ATL,SF,75,357,779,0.458,122,344,0.355,106,149,0.711,268,92,52,37,92,942
Jalen Duren,21,DET,C,78,378,546,0.692,0,0,,162,242,0.669,807,209,54,89,136,918
Naji Marshall,27,DAL,SF,69,362,712,0.508,60,218,0.275,130,160,0.813,328,208,70,11,112,914
Aaron Wiggins,26,OKC,SG,76,355,728,0.488,130,339,0.383,74,89,0.831,295,134,60,18,69,914
Buddy Hield,32,GSW,SG,82,328,786,0.417,203,549,0.37,53,64,0.828,264,134,69,23,91,912
Kelly Oubre Jr.,29,PHI,SF,60,348,741,0.47,71,242,0.293,139,185,0.751,368,108,92,30,80,906
Bradley Beal,31,PHO,SG,53,345,694,0.497,102,264,0.386,110,137,0.803,177,195,58,28,99,902
Lauri Markkanen,27,UTA,PF,47,296,700,0.423,138,399,0.346,162,185,0.876,278,70,33,17,66,892
Toumani Camara,24,POR,PF,78,328,716,0.458,135,360,0.375,91,126,0.722,450,175,116,50,109,882
Ty Jerome,27,CLE,SG,70,319,618,0.516,111,253,0.439,129,148,0.872,173,237,78,3,92,878
Spencer Dinwiddie,31,DAL,PG,79,284,682,0.416,109,326,0.334,195,243,0.802,209,349,70,17,102,872
Alex Sarr,19,WAS,C,67,326,828,0.394,105,341,0.308,112,165,0.679,435,161,44,101,114,869
Rudy Gobert,32,MIN,C,72,341,510,0.669,0,0,,184,273,0.674,785,127,56,104,89,866
Tim Hardaway Jr.,32,DET,SG,77,276,680,0.406,168,457,0.368,124,145,0.855,183,123,38,7,48,844
Fred VanVleet,30,HOU,PG,60,287,759,0.378,159,461,0.345,111,137,0.81,221,333,94,25,87,844
Jonas Valančiūnas,32,2TM,C,81,345,627,0.55,8,37,0.216,145,165,0.879,627,164,37,46,120,843
Jonas Valančiūnas,32,WAS,C,49,231,422,0.547,7,27,0.259,95,106,0.896,404,108,22,28,88,564
Jonas Valančiūnas,32,SAC,C,32,114,205,0.556,1,10,0.1,50,59,0.847,223,56,15,18,32,279
Keon Johnson,22,BRK,SG,79,303,779,0.389,126,401,0.314,107,139,0.77,297,175,82,30,116,839
Scoot Henderson,20,POR,PG,66,287,685,0.419,105,297,0.354,158,206,0.767,198,335,68,13,177,837
P.J. Washington,26,DAL,PF,57,301,665,0.453,91,239,0.381,143,198,0.722,442,131,63,60,118,836
Obi Toppin,26,IND,PF,79,317,599,0.529,110,301,0.365,89,114,0.781,318,128,46,28,68,833
Tyus Jones,28,PHO,PG,81,306,683,0.448,166,401,0.414,51,57,0.895,196,429,69,8,91,829
Jakob Poeltl,29,TOR,C,57,363,579,0.627,1,3,0.333,97,144,0.674,547,158,66,71,111,824
Gary Trent Jr.,26,MIL,SG,74,283,657,0.431,180,433,0.416,78,92,0.848,168,87,72,4,42,824
Jaylen Wells,21,MEM,SG,79,287,676,0.425,138,392,0.352,111,135,0.822,268,135,44,8,69,823
Kristaps Porziņģis,29,BOS,C,42,277,574,0.483,103,250,0.412,161,199,0.809,284,87,31,63,53,818
Duncan Robinson,30,MIA,SF,74,290,663,0.437,190,483,0.393,47,53,0.887,167,176,40,6,86,817
Julian Champagnie,23,SAS,SF,82,276,665,0.415,178,480,0.371,85,94,0.904,318,111,61,35,74,815
Santi Aldama,24,MEM,PF,65,313,648,0.483,120,326,0.368,65,94,0.691,416,188,52,29,71,811
Bub Carrington,19,WAS,PG,82,300,748,0.401,138,407,0.339,69,85,0.812,341,364,54,21,141,807
Kawhi Leonard,33,LAC,SF,37,310,623,0.498,78,190,0.411,98,121,0.81,219,116,59,17,72,796
Georges Niang,31,2TM,PF,79,286,620,0.461,166,409,0.406,46,58,0.793,272,111,28,14,82,784
Georges Niang,31,CLE,PF,51,166,348,0.477,90,225,0.4,23,29,0.793,189,67,17,7,48,445
Georges Niang,31,ATL,PF,28,120,272,0.441,76,184,0.413,23,29,0.793,83,44,11,7,34,339
Derrick Jones Jr.,27,LAC,SF,77,310,589,0.526,78,219,0.356,83,118,0.703,263,60,79,33,66,781
Scotty Pippen Jr.,24,MEM,PG,79,285,594,0.48,87,219,0.397,122,171,0.713,259,347,103,30,138,779
Gradey Dick,21,TOR,SG,54,265,647,0.41,114,326,0.35,133,155,0.858,193,98,48,10,83,777
Caris LeVert,30,2TM,SG,64,280,599,0.467,106,284,0.373,110,155,0.71,203,215,57,33,76,776
Caris LeVert,30,CLE,SF,38,135,298,0.453,60,148,0.405,58,83,0.699,107,140,33,19,51,388
Caris LeVert,30,ATL,SG,26,145,301,0.482,46,136,0.338,52,72,0.722,96,75,24,14,25,388
Rui Hachimura,26,LAL,PF,59,293,576,0.509,102,247,0.413,87,113,0.77,295,83,45,26,49,775
Nickeil Alexander-Walker,26,MIN,SG,82,270,616,0.438,141,370,0.381,92,118,0.78,265,223,50,34,99,773
Brice Sensabaugh,21,UTA,SF,71,275,599,0.459,157,372,0.422,65,73,0.89,210,110,46,8,107,772
Kevin Porter Jr.,24,2TM,SG,75,293,652,0.449,55,177,0.311,130,169,0.769,278,256,81,13,136,771
Kevin Porter Jr.,24,LAC,SG,45,172,407,0.423,26,106,0.245,49,76,0.645,160,144,43,11,84,419
Kevin Porter Jr.,24,MIL,SG,30,121,245,0.494,29,71,0.408,81,93,0.871,118,112,38,2,52,352
Guerschon Yabusele,29,PHI,C,70,282,563,0.501,104,274,0.38,100,138,0.725,395,148,58,24,87,768
John Collins,27,UTA,PF,40,280,531,0.527,59,148,0.399,139,164,0.848,327,80,39,40,103,758
Isaiah Joe,25,OKC,SG,74,259,588,0.44,192,466,0.412,46,56,0.821,196,119,48,9,38,756
Jalen Wilson,24,BRK,PF,79,246,620,0.397,122,362,0.337,135,165,0.818,270,145,40,5,79,749
Max Christie,21,2TM,SG,78,252,590,0.427,115,314,0.366,130,152,0.855,258,146,64,31,88,749
Max Christie,21,LAL,SG,46,128,288,0.444,60,163,0.368,74,87,0.851,123,66,35,21,39,390
Max Christie,21,DAL,SG,32,124,302,0.411,55,151,0.364,56,65,0.862,135,80,29,10,49,359
Aaron Gordon,29,DEN,PF,51,264,497,0.531,75,172,0.436,145,179,0.81,247,164,23,14,73,748
Brandin Podziemski,21,GSW,SG,64,280,629,0.445,115,309,0.372,72,95,0.758,325,220,69,13,75,747
Zion Williamson,24,NOP,PF,30,288,508,0.567,3,13,0.231,158,241,0.656,216,159,37,27,90,737
Anthony Black,21,ORL,PG,78,262,620,0.423,62,195,0.318,150,197,0.761,230,240,86,48,139,736
D'Angelo Russell,28,2TM,PG,58,249,638,0.39,113,360,0.314,121,145,0.834,162,297,56,23,108,732
D'Angelo Russell,28,LAL,PG,29,129,311,0.415,56,168,0.333,45,53,0.849,80,136,23,4,50,359
D'Angelo Russell,28,BRK,PG,29,120,327,0.367,57,192,0.297,76,92,0.826,82,161,33,19,58,373
Bilal Coulibaly,20,WAS,SF,59,263,624,0.421,63,224,0.281,138,185,0.746,294,199,78,41,125,727
Nic Claxton,25,BRK,C,70,320,568,0.563,5,21,0.238,79,154,0.513,515,157,62,100,87,724
Moses Moody,22,GSW,SG,74,246,568,0.433,126,337,0.374,106,133,0.797,189,96,59,31,54,724
Donte DiVincenzo,28,MIN,SG,62,250,593,0.422,174,438,0.397,49,63,0.778,228,225,73,17,99,723
Chris Paul,39,SAS,PG,82,249,583,0.427,140,371,0.377,85,92,0.924,296,605,103,22,129,723
T.J. McConnell,32,IND,PG,79,324,624,0.519,15,49,0.306,57,77,0.74,193,351,83,21,109,720
Luguentz Dort,25,OKC,SF,71,258,593,0.435,170,413,0.412,33,46,0.717,293,115,79,39,51,719
Jonathan Kuminga,22,GSW,PF,47,258,568,0.454,46,151,0.305,157,235,0.668,217,104,38,21,71,719
Dalton Knecht,23,LAL,SF,78,257,557,0.461,128,340,0.376,64,84,0.762,216,66,24,8,37,706
Corey Kispert,25,WAS,SF,61,255,565,0.451,120,330,0.364,75,88,0.852,181,103,26,14,64,705
Daniel Gafford,26,DAL,C,57,283,403,0.702,0,0,,135,196,0.689,388,80,23,102,66,701
Jabari Smith Jr.,21,HOU,PF,57,248,566,0.438,98,277,0.354,104,126,0.825,399,60,25,41,61,698
Amir Coffey,27,LAC,SG,72,240,510,0.471,101,247,0.409,115,129,0.891,161,77,40,7,45,696
Kyle Filipowski,21,UTA,C,72,260,518,0.502,77,220,0.35,93,143,0.65,440,140,48,22,102,690
Matas Buzelis,20,CHI,SF,80,252,555,0.454,96,266,0.361,88,108,0.815,278,79,29,75,74,688
Tari Eason,23,HOU,PF,57,272,559,0.487,63,184,0.342,79,104,0.76,362,83,97,50,65,686
Jrue Holiday,34,BOS,PG,62,254,573,0.443,108,306,0.353,70,77,0.909,265,239,66,27,77,686
Kevin Huerter,26,2TM,SG,69,257,604,0.425,132,391,0.338,35,49,0.714,205,156,66,23,67,681
Kevin Huerter,26,SAC,SG,43,128,310,0.413,62,205,0.302,20,28,0.714,120,74,36,16,37,338
Kevin Huerter,26,CHI,SG,26,129,294,0.439,70,186,0.376,15,21,0.714,85,82,30,7,30,343
Grayson Allen,29,PHO,SG,64,219,489,0.448,149,350,0.426,93,114,0.816,194,137,54,19,75,680
Jalen Johnson,23,ATL,SF,36,271,542,0.5,44,141,0.312,94,126,0.746,359,181,56,36,106,680
Royce O'Neale,31,PHO,SF,75,241,570,0.423,179,441,0.406,19,26,0.731,349,163,67,34,65,680
Bobby Portis,29,MIL,PF,49,277,595,0.466,65,178,0.365,61,73,0.836,411,104,35,26,57,680
Terry Rozier,30,MIA,PG,64,248,635,0.391,91,308,0.295,92,108,0.852,238,167,37,14,78,679
Jerami Grant,30,POR,PF,47,214,574,0.373,108,296,0.365,141,166,0.849,163,101,41,46,65,677
Kentavious Caldwell-Pope,31,ORL,SG,77,239,544,0.439,113,330,0.342,82,95,0.863,169,136,99,34,62,673
Mark Williams,23,CHO,C,44,270,447,0.604,0,4,0,131,163,0.804,447,109,32,54,71,671
Ochai Agbaji,24,TOR,SG,64,266,534,0.498,101,253,0.399,34,48,0.708,242,98,58,30,54,667
Keon Ellis,25,SAC,SG,80,227,464,0.489,139,321,0.433,73,86,0.849,212,120,121,63,71,666
Paul George,34,PHI,PF,41,245,570,0.43,96,268,0.358,79,97,0.814,219,178,75,20,106,665
Yves Missi,20,NOP,C,73,269,492,0.547,0,1,0,127,204,0.623,601,99,37,98,82,665
Taurean Prince,30,MIL,SF,80,235,514,0.457,147,335,0.439,39,48,0.813,287,155,76,15,82,656
Andrew Nembhard,25,IND,SG,65,247,539,0.458,51,175,0.291,108,136,0.794,216,326,79,11,112,653
Walker Kessler,23,UTA,C,58,278,419,0.663,6,34,0.176,79,152,0.52,707,97,36,138,86,641
Isaiah Hartenstein,26,OKC,C,57,279,480,0.581,0,19,0,79,117,0.675,611,219,47,62,96,637
Ziaire Williams,23,BRK,SF,63,214,520,0.412,103,302,0.341,101,123,0.821,287,84,62,28,67,632
Cole Anthony,24,ORL,PG,67,230,543,0.424,77,218,0.353,93,113,0.823,204,191,45,32,103,630
Wendell Carter Jr.,25,ORL,C,68,226,491,0.46,37,158,0.234,129,175,0.737,492,134,52,41,77,618
Jeremy Sochan,21,SAS,PF,54,251,469,0.535,28,91,0.308,87,125,0.696,352,128,45,27,84,617
Isaiah Collier,20,UTA,PG,71,234,555,0.422,42,169,0.249,105,154,0.682,235,446,66,16,208,615
Draymond Green,34,GSW,PF,68,216,509,0.424,80,246,0.325,101,147,0.687,414,383,99,70,174,613
Miles McBride,24,NYK,PG,64,222,547,0.406,115,312,0.369,52,64,0.813,161,187,67,17,41,611
Zach Edey,22,MEM,C,66,251,433,0.58,18,52,0.346,90,127,0.709,548,65,36,85,88,610
Sam Hauser,27,BOS,PF,71,214,474,0.451,166,399,0.416,11,11,1,224,64,41,13,23,605
Jordan Hawkins,22,NOP,SG,56,207,556,0.372,110,332,0.331,80,98,0.816,158,66,30,23,58,604
Jordan Clarkson,32,UTA,SG,37,201,493,0.408,84,232,0.362,114,143,0.797,118,138,31,9,86,600
Cam Thomas,23,BRK,SG,25,199,454,0.438,68,195,0.349,133,151,0.881,83,94,15,2,62,599
Kel'el Ware,20,MIA,C,64,257,464,0.554,35,111,0.315,46,67,0.687,473,60,39,71,57,595
Ausar Thompson,22,DET,SF,59,246,460,0.535,11,49,0.224,91,142,0.641,303,134,98,40,80,594
Nick Smith Jr.,20,CHO,SG,60,222,568,0.391,104,306,0.34,43,46,0.935,128,145,17,6,82,591
Kyshawn George,21,WAS,SG,68,203,546,0.372,114,354,0.322,70,93,0.753,285,169,68,50,97,590
Julian Strawther,22,DEN,SG,65,210,486,0.432,94,269,0.349,74,90,0.822,142,83,39,16,57,588
Davion Mitchell,26,2TM,PG,74,223,476,0.468,84,211,0.398,58,84,0.69,167,363,72,16,128,588
Davion Mitchell,26,TOR,PG,44,106,244,0.434,42,117,0.359,25,37,0.676,85,203,31,8,78,279
Davion Mitchell,26,MIA,PG,30,117,232,0.504,42,94,0.447,33,47,0.702,82,160,41,8,50,309
Bogdan Bogdanović,32,2TM,SG,54,210,492,0.427,105,289,0.363,58,66,0.879,159,146,41,11,74,583
Bogdan Bogdanović,32,ATL,SG,24,83,224,0.371,44,146,0.301,30,34,0.882,66,49,20,6,37,240
Bogdan Bogdanović,32,LAC,SG,30,127,268,0.474,61,143,0.427,28,32,0.875,93,97,21,5,37,343
Mike Conley,37,MIN,PG,71,187,468,0.4,127,310,0.41,81,90,0.9,182,319,79,14,75,582
Jose Alvarado,26,NOP,PG,56,204,521,0.392,111,309,0.359,60,74,0.811,136,259,74,14,86,579
Deandre Ayton,26,POR,C,40,265,468,0.566,6,32,0.188,40,60,0.667,406,64,31,39,69,576
Luke Kennard,28,MEM,SG,65,206,431,0.478,113,261,0.433,51,57,0.895,183,215,50,5,72,576
Johnny Juzang,23,UTA,SG,64,204,475,0.429,118,314,0.376,45,53,0.849,184,68,39,8,36,571
Jaime Jaquez Jr.,23,MIA,SF,66,213,462,0.461,37,119,0.311,107,142,0.754,290,166,61,14,98,570
Brandon Miller,22,CHO,SF,27,198,491,0.403,104,293,0.355,68,79,0.861,131,98,29,20,76,568
Cason Wallace,21,OKC,SG,68,232,489,0.474,74,208,0.356,30,37,0.811,229,173,120,35,59,568
Jalen Suggs,23,ORL,PG,35,197,481,0.41,76,242,0.314,97,110,0.882,141,129,51,33,102,567
Ayo Dosunmu,25,CHI,SG,46,221,449,0.492,62,189,0.328,62,79,0.785,161,208,43,18,69,566
Patrick Williams,23,CHI,PF,63,205,516,0.397,96,272,0.353,60,83,0.723,237,124,48,32,86,566
Immanuel Quickley,25,TOR,PG,33,184,438,0.42,85,225,0.378,111,128,0.867,117,191,23,4,58,564
Dalano Banton,25,POR,PG,67,198,507,0.391,72,222,0.324,91,125,0.728,135,160,43,34,86,559
Peyton Watson,22,DEN,SF,68,204,428,0.477,48,136,0.353,95,137,0.693,233,94,48,93,56,551
Dorian Finney-Smith,31,2TM,PF,63,195,435,0.448,129,314,0.411,30,45,0.667,247,90,58,23,56,549
Dorian Finney-Smith,31,BRK,PF,20,73,159,0.459,47,108,0.435,15,24,0.625,91,31,18,12,18,208
Dorian Finney-Smith,31,LAL,PF,43,122,276,0.442,82,206,0.398,15,21,0.714,156,59,40,11,38,341
Justin Champagnie,23,WAS,SF,62,210,411,0.511,74,193,0.383,50,73,0.685,351,60,65,39,54,544
Dejounte Murray,28,NOP,PG,31,194,494,0.393,52,174,0.299,102,124,0.823,200,228,63,12,106,542
A.J. Green,25,MIL,SG,73,182,424,0.429,155,363,0.427,22,27,0.815,174,108,37,7,40,541
Aaron Nesmith,25,IND,SF,45,192,379,0.507,84,195,0.431,73,80,0.913,178,54,35,17,37,541
Jared Butler,24,2TM,SG,60,203,453,0.448,60,169,0.355,75,91,0.824,110,220,42,13,80,541
Jared Butler,24,WAS,PG,32,85,176,0.483,15,41,0.366,35,45,0.778,41,82,12,5,29,220
Jared Butler,24,PHI,SG,28,118,277,0.426,45,128,0.352,40,46,0.87,69,138,30,8,51,321
Al Horford,38,BOS,C,60,195,461,0.423,114,314,0.363,34,38,0.895,369,128,36,51,46,538
Brandon Clarke,28,MEM,PF,64,236,380,0.621,1,17,0.059,61,87,0.701,326,66,52,36,41,534
Tristan Da Silva,23,ORL,SF,74,199,483,0.412,80,239,0.335,55,63,0.873,245,113,33,18,56,533
Jamal Shead,22,TOR,PG,75,204,504,0.405,72,223,0.323,53,69,0.768,115,316,58,10,117,533
Ricky Council IV,23,PHI,SF,73,177,463,0.382,55,213,0.258,123,153,0.804,214,97,32,13,52,532
Nick Richards,27,2TM,C,57,205,347,0.591,0,2,0,119,160,0.744,466,49,14,55,81,529
Nick Richards,27,CHO,C,21,64,114,0.561,0,1,0,59,87,0.678,158,28,7,26,33,187
Nick Richards,27,PHO,C,36,141,233,0.605,0,1,0,60,73,0.822,308,21,7,29,48,342
Jaden Ivey,22,DET,SG,30,190,413,0.46,63,154,0.409,85,116,0.733,124,119,28,11,89,528
Jalen Smith,24,CHI,C,64,190,408,0.466,72,222,0.324,72,89,0.809,357,65,17,44,37,524
Tyrese Martin,25,BRK,SG,60,189,465,0.406,99,282,0.351,46,58,0.793,219,122,34,9,74,523
Ron Holland,19,DET,SF,81,197,416,0.474,36,151,0.238,92,122,0.754,218,82,49,17,72,522
Terance Mann,28,2TM,SG,67,205,413,0.496,60,163,0.368,47,68,0.691,199,121,47,15,47,517
Terance Mann,28,LAC,SG,37,87,195,0.446,26,75,0.347,23,32,0.719,107,59,28,11,25,223
Terance Mann,28,ATL,SG,30,118,218,0.541,34,88,0.386,24,36,0.667,92,62,19,4,22,294
Ryan Dunn,22,PHO,SF,74,205,477,0.43,82,264,0.311,19,39,0.487,267,57,44,40,40,511
Sam Merrill,28,CLE,SG,71,172,424,0.406,137,368,0.372,28,29,0.966,157,108,53,14,35,509
Josh Green,24,CHO,SG,68,180,421,0.428,97,248,0.391,49,72,0.681,172,108,74,15,70,506
Goga Bitadze,25,ORL,C,70,207,339,0.611,3,28,0.107,85,133,0.639,463,137,49,98,72,502
Chris Boucher,32,TOR,PF,50,182,370,0.492,70,193,0.363,68,87,0.782,224,33,24,25,29,502
Cameron Payne,30,NYK,PG,72,179,446,0.401,93,256,0.363,49,54,0.907,104,203,39,16,52,500
Jaden Hardy,22,DAL,SG,57,180,414,0.435,76,197,0.386,60,86,0.698,89,81,28,5,82,496
Nikola Jović,21,MIA,PF,46,172,377,0.456,78,210,0.371,72,87,0.828,180,131,38,13,60,494
Clint Capela,30,ATL,C,55,218,390,0.559,0,1,0,52,97,0.536,469,62,34,53,47,488
Chet Holmgren,22,OKC,C,32,167,341,0.49,44,116,0.379,101,134,0.754,257,63,23,71,56,479
Haywood Highsmith,28,MIA,SF,74,179,391,0.458,89,233,0.382,31,43,0.721,252,112,68,37,54,478
Cam Whitmore,20,HOU,SF,51,179,403,0.444,65,183,0.355,54,72,0.75,151,49,31,13,46,477
Kris Dunn,30,LAC,PG,74,192,437,0.439,75,224,0.335,15,22,0.682,251,210,128,27,74,474
Max Strus,28,CLE,SF,50,165,373,0.442,113,293,0.386,28,34,0.824,217,158,26,12,54,471
Jarace Walker,21,IND,PF,75,170,360,0.472,75,185,0.405,46,69,0.667,229,110,54,25,78,461
Gabe Vincent,28,LAL,PG,72,168,420,0.4,109,309,0.353,15,21,0.714,92,98,51,13,41,460
Jake LaRavia,23,2TM,PF,66,160,337,0.475,60,142,0.423,78,115,0.678,259,158,62,23,86,458
Jake LaRavia,23,MEM,PF,47,118,241,0.49,40,90,0.444,67,96,0.698,205,133,44,20,69,343
Jake LaRavia,23,SAC,PF,19,42,96,0.438,20,52,0.385,11,19,0.579,54,25,18,3,17,115
Jusuf Nurkić,30,2TM,C,51,168,352,0.477,32,105,0.305,85,128,0.664,398,115,40,34,97,453
Jusuf Nurkić,30,PHO,C,25,74,163,0.454,19,59,0.322,48,69,0.696,229,47,23,16,57,215
Jusuf Nurkić,30,CHO,C,26,94,189,0.497,13,46,0.283,37,59,0.627,169,68,17,18,40,238
Joel Embiid,30,PHI,C,19,140,315,0.444,23,77,0.299,149,169,0.882,155,85,14,18,62,452
Trey Lyles,29,SAC,PF,69,157,374,0.42,81,238,0.34,56,80,0.7,316,82,41,23,39,451
Trendon Watford,24,BRK,PF,44,164,350,0.469,29,88,0.33,93,122,0.762,160,115,27,12,83,450
Ja'Kobe Walter,20,TOR,SG,52,159,393,0.405,65,186,0.349,66,83,0.795,160,81,43,10,50,449
Brandon Boston Jr.,23,NOP,SG,42,166,381,0.436,49,140,0.35,67,85,0.788,134,92,53,9,52,448
Simone Fontecchio,29,DET,SF,75,150,373,0.402,76,227,0.335,70,84,0.833,215,65,31,12,54,446
Justin Edwards,21,PHI,SF,44,172,378,0.455,69,190,0.363,32,46,0.696,148,69,45,16,49,445
Seth Curry,34,CHO,SG,68,164,343,0.478,83,182,0.456,33,39,0.846,113,60,27,7,32,444
Luke Kornet,29,BOS,C,73,187,280,0.668,0,3,0,67,97,0.691,388,117,36,71,31,441
Khris Middleton,33,2TM,SF,37,160,337,0.475,48,133,0.361,72,84,0.857,137,150,35,8,56,440
Khris Middleton,33,MIL,SF,23,108,211,0.512,35,86,0.407,39,46,0.848,85,102,17,5,37,290
Khris Middleton,33,WAS,SF,14,52,126,0.413,13,47,0.277,33,38,0.868,52,48,18,3,19,150
Jay Huff,26,MEM,C,64,157,305,0.515,81,200,0.405,44,56,0.786,129,38,16,56,34,439
Donovan Clingan,20,POR,C,67,180,334,0.539,14,49,0.286,62,104,0.596,527,77,34,110,72,436
Kenrich Williams,30,OKC,PF,69,171,354,0.483,66,171,0.386,28,39,0.718,241,97,43,10,39,436
Isaiah Stewart,23,DET,C,72,176,315,0.559,17,53,0.321,66,87,0.759,399,123,28,101,68,435
Thomas Bryant,27,2TM,C,66,163,321,0.508,48,148,0.324,55,64,0.859,251,53,28,41,30,429
Thomas Bryant,27,MIA,C,10,12,28,0.429,6,17,0.353,11,11,1,32,4,1,9,2,41
Thomas Bryant,27,IND,C,56,151,293,0.515,42,131,0.321,44,53,0.83,219,49,27,32,28,388
Noah Clowney,20,BRK,PF,46,133,372,0.358,87,261,0.333,67,80,0.838,181,40,24,21,46,420
Jamison Battle,23,TOR,SF,59,149,347,0.429,105,259,0.405,16,18,0.889,158,53,17,10,27,419
Jeremiah Robinson-Earl,24,NOP,PF,66,158,347,0.455,56,164,0.341,46,55,0.836,315,88,39,7,51,418
Vit Krejci,24,ATL,PG,57,145,292,0.497,90,206,0.437,32,45,0.711,156,147,36,26,50,412
Trayce Jackson-Davis,24,GSW,C,62,174,302,0.576,0,3,0,59,102,0.578,311,104,23,38,45,407
Zach Collins,27,2TM,PF,64,153,302,0.507,32,106,0.302,69,78,0.885,288,111,29,29,60,407
Zach Collins,27,SAS,C,36,61,132,0.462,14,46,0.304,31,35,0.886,101,52,14,15,23,167
Zach Collins,27,CHI,PF,28,92,170,0.541,18,60,0.3,38,43,0.884,187,59,15,14,37,240
Moussa Diabaté,23,CHO,C,71,167,280,0.596,0,6,0,69,116,0.595,438,56,46,40,61,403
Brandon Ingram,27,NOP,SF,18,155,333,0.465,43,115,0.374,47,55,0.855,100,93,16,11,69,400
Gary Payton II,32,GSW,SG,62,171,298,0.574,31,95,0.326,27,38,0.711,185,83,52,17,39,400
Day'Ron Sharpe,23,BRK,C,50,165,317,0.521,11,45,0.244,56,74,0.757,330,91,41,42,63,397
Jonathan Mogbo,23,TOR,PF,63,156,356,0.438,17,70,0.243,60,82,0.732,311,146,55,34,70,389
Moritz Wagner,27,ORL,C,30,140,249,0.562,27,75,0.36,79,110,0.718,148,42,24,12,49,386
Sandro Mamukelashvili,25,SAS,PF,61,141,281,0.502,60,161,0.373,43,58,0.741,187,48,22,17,26,385
Kelly Olynyk,33,2TM,C,44,134,268,0.5,33,79,0.418,83,108,0.769,206,128,33,19,76,384
Kelly Olynyk,33,TOR,C,24,59,118,0.5,19,43,0.442,34,43,0.791,89,56,16,8,35,171
Kelly Olynyk,33,NOP,C,20,75,150,0.5,14,36,0.389,49,65,0.754,117,72,17,11,41,213
Jaxson Hayes,24,LAL,C,56,161,223,0.722,0,3,0,61,98,0.622,269,58,31,51,43,383
Alex Caruso,30,OKC,SG,54,140,314,0.446,60,170,0.353,42,51,0.824,159,137,87,30,37,382
Jonathan Isaac,27,ORL,PF,71,134,324,0.414,39,151,0.258,73,107,0.682,314,40,61,80,33,380
Precious Achiuwa,25,NYK,C,57,164,327,0.502,10,36,0.278,41,69,0.594,317,55,47,42,45,379
Talen Horton-Tucker,24,CHI,SG,58,133,291,0.457,41,122,0.336,72,98,0.735,100,83,21,11,40,379
Marcus Sasser,24,DET,PG,57,137,296,0.463,58,152,0.382,43,51,0.843,69,133,37,4,54,375
Julian Phillips,21,CHI,SF,79,128,287,0.446,50,153,0.327,60,76,0.789,169,39,38,20,27,366
Cody Martin,29,2TM,SF,53,136,325,0.418,43,151,0.285,43,61,0.705,224,105,56,32,51,358
Cody Martin,29,CHO,SF,39,116,268,0.433,40,124,0.323,34,49,0.694,176,89,43,26,42,306
Cody Martin,29,PHO,SF,14,20,57,0.351,3,27,0.111,9,12,0.75,48,16,13,6,9,52
Kyle Anderson,31,2TM,PF,61,142,303,0.469,25,70,0.357,48,65,0.738,206,145,40,33,37,357
Kyle Anderson,31,GSW,PF,36,76,169,0.45,19,52,0.365,18,27,0.667,110,81,26,20,20,189
Kyle Anderson,31,MIA,SF,25,66,134,0.493,6,18,0.333,30,38,0.789,96,64,14,13,17,168
Alec Burks,33,MIA,SG,49,115,271,0.424,88,207,0.425,38,49,0.776,124,55,28,7,29,356
Caleb Martin,29,2TM,SF,45,129,304,0.424,37,103,0.359,61,98,0.622,177,95,46,23,56,356
Caleb Martin,29,PHI,SF,31,101,232,0.435,33,87,0.379,46,74,0.622,136,69,34,20,43,281
Caleb Martin,29,DAL,SF,14,28,72,0.389,4,16,0.25,15,24,0.625,41,26,12,3,13,75
Garrison Mathews,28,ATL,SG,47,102,257,0.397,85,218,0.39,64,78,0.821,87,60,26,15,31,353
Tidjane Salaün,19,CHO,PF,60,114,345,0.33,58,205,0.283,67,94,0.713,280,74,29,14,58,353
Jared McCain,20,PHI,SG,23,126,274,0.46,51,133,0.383,49,56,0.875,56,60,15,0,37,352
Ryan Rollins,22,MIL,PG,56,132,271,0.487,49,120,0.408,36,45,0.8,108,104,42,17,53,349
Javonte Green,31,2TM,SG,68,123,287,0.429,46,141,0.326,55,76,0.724,218,56,65,31,32,347
Javonte Green,31,NOP,SG,50,100,224,0.446,38,108,0.352,50,66,0.758,178,45,55,30,28,288
Javonte Green,31,CLE,SG,18,23,63,0.365,8,33,0.242,5,10,0.5,40,11,10,1,4,59
Kevon Looney,28,GSW,C,76,143,278,0.514,2,5,0.4,56,99,0.566,462,118,46,37,39,344
Aaron Holiday,28,HOU,PG,62,117,268,0.437,72,181,0.398,34,41,0.829,78,83,19,11,37,340
Quinten Post,24,GSW,PF,42,123,274,0.449,73,179,0.408,21,27,0.778,148,56,16,18,33,340
Bruce Brown,28,2TM,PG,41,130,309,0.421,27,81,0.333,53,65,0.815,164,84,34,10,39,340
Bruce Brown,28,TOR,PG,18,57,131,0.435,11,36,0.306,26,29,0.897,68,28,17,3,19,151
Bruce Brown,28,NOP,PG,23,73,178,0.41,16,45,0.356,27,36,0.75,96,56,17,7,20,189
Adem Bona,21,PHI,C,58,135,192,0.703,0,1,0,67,100,0.67,245,27,26,69,61,337
Isaac Okoro,24,CLE,SG,55,124,267,0.464,56,151,0.371,33,46,0.717,130,68,32,16,23,337
Svi Mykhailiuk,27,UTA,SF,38,118,302,0.391,70,203,0.345,28,35,0.8,90,76,19,7,52,334
Mason Plumlee,34,PHO,C,74,125,202,0.619,0,4,0,83,128,0.648,455,134,33,47,59,333
Ben Sheppard,23,IND,SG,63,120,287,0.418,68,199,0.342,24,27,0.889,177,85,38,14,22,332
Tristan Vukcevic,21,WAS,C,35,120,242,0.496,38,102,0.373,52,67,0.776,130,39,11,23,42,330
Tre Jones,25,2TM,PG,46,128,238,0.538,19,48,0.396,55,67,0.821,116,192,37,10,35,330
Tre Jones,25,SAS,PG,28,45,93,0.484,8,26,0.308,25,33,0.758,58,104,18,5,21,123
Tre Jones,25,CHI,PG,18,83,145,0.572,11,22,0.5,30,34,0.882,58,88,19,5,14,207
Dalen Terry,22,CHI,SG,73,120,268,0.448,37,104,0.356,49,69,0.71,124,97,44,15,53,326
Karlo Matković,23,NOP,PF,42,135,235,0.574,21,66,0.318,34,44,0.773,209,46,22,41,43,325
Dean Wade,28,CLE,PF,59,112,271,0.413,80,222,0.36,16,30,0.533,249,76,42,20,22,320
DaQuan Jeffries,27,CHO,SG,47,118,291,0.405,55,164,0.335,24,30,0.8,135,53,26,25,35,315
Shake Milton,28,2TM,SG,57,115,254,0.453,38,106,0.358,47,59,0.797,104,102,25,4,40,315
Shake Milton,28,BRK,SG,27,73,157,0.465,28,72,0.389,25,33,0.758,51,64,15,1,20,199
Shake Milton,28,LAL,SG,30,42,97,0.433,10,34,0.294,22,26,0.846,53,38,10,3,20,116
Dereck Lively II,20,DAL,C,36,134,191,0.702,0,0,,46,73,0.63,270,85,20,56,41,314
Nicolas Batum,36,LAC,PF,78,104,238,0.437,88,203,0.433,17,21,0.81,218,84,52,36,34,313
Jabari Walker,22,POR,SF,60,118,229,0.515,28,72,0.389,49,71,0.69,211,37,33,6,34,313
Neemias Queta,25,BOS,C,62,132,203,0.65,0,3,0,46,61,0.754,236,45,18,42,40,310
Malcolm Brogdon,32,WAS,PG,24,104,240,0.433,16,56,0.286,81,92,0.88,91,98,13,5,38,305
Antonio Reeves,24,NOP,SG,44,113,248,0.456,51,129,0.395,28,35,0.8,63,39,21,4,30,305
Marcus Smart,30,2TM,PG,34,101,257,0.393,49,141,0.348,54,71,0.761,72,109,39,9,54,305
Marcus Smart,30,MEM,PG,19,53,148,0.358,29,90,0.322,30,36,0.833,43,71,23,6,35,165
Marcus Smart,30,WAS,PG,15,48,109,0.44,20,51,0.392,24,35,0.686,29,38,16,3,19,140
Orlando Robinson,24,2TM,C,44,116,261,0.444,17,52,0.327,54,70,0.771,220,77,17,16,49,303
Orlando Robinson,24,SAC,C,9,7,17,0.412,1,5,0.2,4,7,0.571,14,9,3,1,4,19
Orlando Robinson,24,TOR,C,35,109,244,0.447,16,47,0.34,50,63,0.794,206,68,14,15,45,284
Andre Drummond,31,PHI,C,40,117,234,0.5,3,20,0.15,56,90,0.622,310,34,39,18,55,293
Kris Murray,24,POR,SF,69,117,279,0.419,27,120,0.225,26,57,0.456,182,68,35,17,43,287
Landry Shamet,27,NYK,SG,50,106,230,0.461,62,156,0.397,12,18,0.667,61,27,23,2,22,286
Jeff Dowtin,27,PHI,PG,41,112,230,0.487,28,70,0.4,33,45,0.733,60,78,24,12,15,285
Josh Okogie,26,2TM,SG,40,94,212,0.443,32,92,0.348,63,85,0.741,113,33,48,18,31,283
Josh Okogie,26,PHO,SG,25,56,114,0.491,16,42,0.381,22,32,0.688,72,14,21,10,16,150
Josh Okogie,26,CHO,SG,15,38,98,0.388,16,50,0.32,41,53,0.774,41,19,27,8,15,133
KJ Simpson,22,CHO,PG,36,104,301,0.346,33,130,0.254,41,50,0.82,109,112,34,6,56,282
Drew Eubanks,27,2TM,C,61,115,194,0.593,3,6,0.5,47,71,0.662,226,54,12,39,41,280
Drew Eubanks,27,UTA,C,37,88,145,0.607,3,5,0.6,36,57,0.632,168,45,10,32,31,215
Drew Eubanks,27,LAC,C,24,27,49,0.551,0,1,0,11,14,0.786,58,9,2,7,10,65
Jaylin Williams,22,OKC,PF,47,97,221,0.439,61,153,0.399,23,30,0.767,262,120,22,29,35,278
Brandon Williams,25,DAL,PG,33,98,188,0.521,24,60,0.4,55,66,0.833,58,76,24,5,39,275
KJ Martin,24,2TM,PF,43,111,201,0.552,15,58,0.259,37,47,0.787,125,48,17,22,24,274
KJ Martin,24,PHI,PF,24,61,99,0.616,8,21,0.381,24,29,0.828,72,19,11,16,12,154
KJ Martin,24,UTA,SF,19,50,102,0.49,7,37,0.189,13,18,0.722,53,29,6,6,12,120
Vasilije Micić,31,2TM,PG,41,95,273,0.348,45,125,0.36,34,41,0.829,89,128,15,0,77,269
Vasilije Micić,31,CHO,PG,36,95,273,0.348,45,125,0.36,34,41,0.829,87,127,15,0,74,269
Vasilije Micić,31,PHO,PG,5,0,0,0,0,0,,0,0,,2,1,0,0,3,0
Lonzo Ball,27,CHI,PG,35,89,243,0.366,67,195,0.344,22,27,0.815,118,115,47,17,41,267
Tosan Evbuomwan,23,BRK,SF,28,94,220,0.427,24,77,0.312,55,73,0.753,120,55,24,10,39,267
Jett Howard,21,ORL,SF,60,98,262,0.374,55,186,0.296,16,23,0.696,70,44,13,11,36,267
Eric Gordon,36,PHI,SG,39,87,204,0.426,56,137,0.409,36,48,0.75,46,65,26,12,28,266
Lindy Waters III,27,2TM,SG,52,92,249,0.369,64,186,0.344,8,11,0.727,110,52,27,11,20,256
Lindy Waters III,27,GSW,SG,38,76,205,0.371,49,148,0.331,8,11,0.727,96,42,22,10,17,209
Lindy Waters III,27,DET,SG,14,16,44,0.364,15,38,0.395,0,0,,14,10,5,1,3,47
Ben Simmons,28,2TM,PG,51,116,223,0.52,0,0,,24,33,0.727,241,285,38,23,102,256
Ben Simmons,28,BRK,PG,33,93,170,0.547,0,0,,18,26,0.692,172,229,26,16,88,204
Ben Simmons,28,LAC,PG,18,23,53,0.434,0,0,,6,7,0.857,69,56,12,7,14,52
Oso Ighodaro,22,PHO,PF,61,113,187,0.604,0,2,0,29,50,0.58,222,71,28,29,39,255
Pelle Larsson,23,MIA,SG,55,89,203,0.438,32,95,0.337,41,61,0.672,92,65,32,7,24,251
Lonnie Walker IV,26,PHI,SG,20,89,212,0.42,45,127,0.354,24,30,0.8,63,50,10,5,25,247
Bol Bol,25,PHO,PF,36,96,183,0.525,32,93,0.344,20,26,0.769,104,22,9,25,20,244
Caleb Houstan,22,ORL,SF,58,80,190,0.421,64,160,0.4,15,17,0.882,75,35,22,6,13,239
A.J. Lawson,24,TOR,SG,26,80,190,0.421,33,101,0.327,43,63,0.683,86,31,13,6,15,236
Malaki Branham,21,SAS,SG,47,87,190,0.458,34,84,0.405,27,33,0.818,51,38,11,2,34,235
Ajay Mitchell,22,OKC,SG,36,91,184,0.495,23,60,0.383,29,35,0.829,68,64,25,4,29,234
Monte Morris,29,PHO,PG,45,83,195,0.426,31,86,0.36,36,42,0.857,67,73,20,3,21,233
Richaun Holmes,31,WAS,PF,31,90,139,0.647,0,3,0,50,60,0.833,177,42,9,23,21,230
Andre Jackson Jr.,23,MIL,SG,67,94,197,0.477,30,76,0.395,12,24,0.5,182,83,34,14,58,230
Cody Williams,20,UTA,SG,50,83,257,0.323,35,135,0.259,29,40,0.725,113,59,23,16,44,230
Reed Sheppard,20,HOU,PG,52,84,239,0.351,48,142,0.338,13,16,0.813,78,75,35,17,37,229
Gui Santos,22,GSW,PF,56,82,179,0.458,34,103,0.33,29,42,0.69,172,80,25,10,42,227
Steven Adams,31,HOU,C,58,91,167,0.545,0,2,0,43,93,0.462,327,66,22,28,54,225
AJ Johnson,20,2TM,SG,29,82,213,0.385,24,90,0.267,32,37,0.865,59,76,12,3,35,220
AJ Johnson,20,MIL,SG,7,8,19,0.421,3,5,0.6,1,2,0.5,7,7,1,0,4,20
AJ Johnson,20,WAS,SG,22,74,194,0.381,21,85,0.247,31,35,0.886,52,69,11,3,31,200
Rob Dillingham,20,MIN,PG,49,93,211,0.441,25,74,0.338,8,15,0.533,50,98,20,1,53,219
Blake Wesley,21,SAS,SG,58,81,186,0.435,17,58,0.293,38,61,0.623,61,114,37,6,54,217
Pat Connaughton,32,MIL,SG,41,83,177,0.469,26,81,0.321,24,31,0.774,109,70,9,11,24,216
GG Jackson II,20,MEM,PF,29,74,199,0.372,32,95,0.337,29,40,0.725,92,29,12,5,31,209
DeAndre Jordan,36,DEN,C,56,91,140,0.65,0,0,,27,64,0.422,284,53,16,27,40,209
Herbert Jones,26,NOP,SF,20,75,172,0.436,22,72,0.306,33,40,0.825,78,65,37,9,35,205
Larry Nance Jr.,32,ATL,PF,24,80,155,0.516,34,76,0.447,9,13,0.692,103,38,20,13,16,203
Olivier-Maxence Prosper,22,DAL,PF,52,70,174,0.402,12,51,0.235,49,76,0.645,126,40,26,6,14,201
Jock Landale,29,HOU,C,42,81,152,0.533,11,26,0.423,27,40,0.675,137,37,13,10,21,200
Jalen Pickett,25,DEN,SG,49,77,180,0.428,40,101,0.396,6,8,0.75,71,107,19,5,24,200
Kai Jones,24,2TM,C,40,87,109,0.798,1,5,0.2,23,32,0.719,125,25,15,23,18,198
Kai Jones,24,LAC,C,28,26,36,0.722,0,2,0,9,12,0.75,46,10,6,13,10,61
Kai Jones,24,DAL,C,12,61,73,0.836,1,3,0.333,14,20,0.7,79,15,9,10,8,137
Mouhamed Gueye,22,ATL,PF,33,72,171,0.421,21,81,0.259,32,42,0.762,139,27,28,33,15,197
Jamal Cain,25,NOP,SF,37,68,158,0.43,26,80,0.325,34,50,0.68,85,22,23,9,22,196
Collin Gillespie,25,PHO,PG,33,68,158,0.43,39,90,0.433,19,22,0.864,78,78,21,5,17,194
Duop Reath,28,POR,C,46,70,166,0.422,34,106,0.321,20,22,0.909,92,26,12,14,16,194
Craig Porter Jr.,24,CLE,PG,51,72,140,0.514,21,48,0.438,23,32,0.719,67,71,17,15,38,188
Jae'Sean Tate,29,HOU,SF,52,70,148,0.473,16,46,0.348,32,47,0.681,117,47,26,7,22,188
Zeke Nnaji,24,DEN,PF,57,70,141,0.496,17,52,0.327,27,44,0.614,90,23,25,38,14,184
Paul Reed,25,DET,C,45,72,142,0.507,8,28,0.286,32,42,0.762,123,44,39,25,26,184
Tre Mann,23,CHO,PG,13,70,161,0.435,24,60,0.4,19,21,0.905,38,39,7,4,25,183
Vince Williams Jr.,24,MEM,SG,27,67,167,0.401,26,95,0.274,19,24,0.792,98,55,12,7,33,179
Cory Joseph,33,ORL,PG,50,62,154,0.403,39,107,0.364,14,18,0.778,74,72,26,4,18,177
Dante Exum,29,DAL,PG,20,64,134,0.478,23,53,0.434,23,31,0.742,33,56,12,3,22,174
Jeff Green,38,HOU,PF,32,61,121,0.504,29,79,0.367,21,26,0.808,58,20,6,4,9,172
Kessler Edwards,24,DAL,SF,40,67,135,0.496,22,54,0.407,12,13,0.923,115,42,19,20,16,168
Keaton Wallace,25,ATL,PG,31,65,162,0.401,27,82,0.329,11,11,1,50,81,28,9,33,168
Jaylon Tyson,22,CLE,SG,47,64,149,0.43,20,58,0.345,19,24,0.792,96,44,13,3,26,167
Grant Williams,26,CHO,PF,16,54,123,0.439,27,74,0.365,31,37,0.838,82,37,18,13,28,166
Jaylen Clark,23,MIN,SG,40,56,120,0.467,22,51,0.431,29,37,0.784,53,26,36,2,8,163
Quenton Jackson,26,IND,PG,28,58,122,0.475,15,40,0.375,31,40,0.775,44,53,21,5,16,162
Micah Potter,26,UTA,C,38,57,135,0.422,31,98,0.316,17,20,0.85,164,31,14,14,31,162
Daniel Theis,32,NOP,C,38,61,129,0.473,9,37,0.243,31,37,0.838,164,60,18,20,25,162
Jordan Goodwin,26,LAL,PG,29,63,144,0.438,26,68,0.382,9,11,0.818,112,42,30,11,26,161
Charles Bassey,24,SAS,C,36,68,117,0.581,0,0,,21,33,0.636,152,17,14,30,23,157
Colby Jones,22,2TM,SG,39,59,129,0.457,16,49,0.327,23,35,0.657,87,44,26,13,23,157
Colby Jones,22,SAC,SG,24,11,26,0.423,4,10,0.4,0,0,,23,7,6,7,7,26
Colby Jones,22,WAS,SG,15,48,103,0.466,12,39,0.308,23,35,0.657,64,37,20,6,16,131
Rayan Rupert,20,POR,SG,52,58,142,0.408,16,59,0.271,23,30,0.767,70,25,16,4,30,155
Jevon Carter,29,CHI,PG,36,55,146,0.377,35,105,0.333,8,10,0.8,39,40,13,3,11,153
David Roddy,23,3TM,PF,33,57,125,0.456,19,61,0.311,20,26,0.769,84,35,14,9,22,153
David Roddy,23,ATL,PF,27,44,93,0.473,16,43,0.372,18,22,0.818,70,30,12,8,20,122
David Roddy,23,PHI,PF,3,8,19,0.421,2,11,0.182,0,0,,9,3,2,0,1,18
David Roddy,23,HOU,PF,3,5,13,0.385,1,7,0.143,2,4,0.5,5,2,0,1,1,13
Jordan Miller,25,LAC,SF,37,58,134,0.433,8,38,0.211,28,35,0.8,58,34,17,5,26,152
Trevelin Queen,27,ORL,SG,31,56,147,0.381,22,77,0.286,18,21,0.857,54,38,31,10,22,152
Wendell Moore Jr.,23,2TM,SG,36,59,126,0.468,14,41,0.341,18,22,0.818,95,42,20,5,27,150
Wendell Moore Jr.,23,DET,SG,20,23,50,0.46,4,14,0.286,13,14,0.929,44,23,10,3,9,63
Wendell Moore Jr.,23,CHO,SG,16,36,76,0.474,10,27,0.37,5,8,0.625,51,19,10,2,18,87
Bones Hyland,24,2TM,PG,24,47,118,0.398,32,82,0.39,23,26,0.885,25,32,18,4,25,149
Bones Hyland,24,LAC,PG,20,45,115,0.391,31,80,0.388,23,26,0.885,24,28,18,4,24,144
Bones Hyland,24,MIN,PG,4,2,3,0.667,1,2,0.5,0,0,,1,4,0,0,1,5
Dominick Barlow,21,ATL,SF,35,60,113,0.531,7,27,0.259,21,33,0.636,85,19,9,16,5,148
Doug McDermott,33,SAC,SF,42,50,117,0.427,44,101,0.436,3,5,0.6,22,7,4,2,6,147
Jarred Vanderbilt,25,LAL,PF,36,59,121,0.488,9,32,0.281,20,36,0.556,182,41,35,10,29,147
Gary Harris,30,ORL,SG,48,51,133,0.383,36,101,0.356,7,12,0.583,64,30,26,12,17,145
Bismack Biyombo,32,SAS,C,28,67,114,0.588,0,0,,10,25,0.4,158,31,16,23,27,144
Keion Brooks Jr.,24,NOP,SF,14,53,109,0.486,14,43,0.326,22,30,0.733,58,13,10,10,12,142
Ousmane Dieng,21,OKC,C,37,54,125,0.432,23,71,0.324,11,16,0.688,81,31,17,7,18,142
Devin Carter,22,SAC,PG,36,47,127,0.37,18,61,0.295,26,44,0.591,76,41,21,4,18,138
Luka Garza,26,MIN,C,39,52,105,0.495,10,36,0.278,24,35,0.686,54,11,6,3,12,138